Colegio,lat,lon
leonardo da vinci/ las condes,-33.4030534,-70.5544523
pumahue/ colina,-33.2166154,-70.7296951
san nicolas de myra/ las condes,-33.3938418,-70.5054063
liceo instituto nacional/ santiago,,
bradford school/ vitacura,-33.3844687,-70.573043
pedro de valdivia/ peñalolen,-33.4931999,-70.577149
mayor tobalaba/ puente alto,-33.5629307,-70.5564236
manantial de la florida/ la florida,-33.5374695,-70.6001532
pumahue/ huechuraba,-33.3576362,-70.6624713
mayor/ peñalolen,-33.4908863,-70.5570451
alicante / la florida,-35.4391838,-71.6716472
saint johns villa academy/ la reina,,
compañia de maria apoquindo/ las condes,-33.4096153,-70.5658679
saint georges college/ vitacura,,
seminario pontificio menor/ las condes,-33.4060057,-70.5535032
san nicolas diacono/ colina,-33.2742722,-70.703987
santo domingo/ la reina,-33.4507719,-70.5221754
calasanz/ ñuñoa,-33.4498376,-70.5844037
internacional alba/ maipu,-33.4801735,-70.7458403
pedro de valdivia/ providencia,-33.425483,-70.6137959
boston college / la florida,-33.5438581,-70.5696117
liceo carmela carvajal de prat/ providencia,-33.4433348,-70.6254585
nuestra señora del rosario/ las condes,-33.4033941,-70.5607941
liceo augusto dhalmar/ ñuñoa,,
cambridge college/providencia,,
arrayanes/ san fernando,-34.5984443,-70.9576668
saint gabriel school/ providencia,-33.4272639,-70.5926619
liceo bicentenario italia/ santiago,-33.4706058,-70.6506005
instituto de humanidades luis campino/ providencia,-33.4256971,-70.6106079
liceo nacional/ maipu,-33.5193031,-70.7917715
academia de humanidades/recoleta,-33.4251426,-70.6434165
francisco de asis/ las condes,-33.3791085,-70.5136716
huelen/ vitacura,-33.3777473,-70.5755464
francisco javier de huechuraba,-33.3503796,-70.6838865
saint andrew/ las condes,-33.3742801,-70.4996966
saint gaspar college/ ñuñoa,-33.4607716,-70.6048742
sagrados corazones/ providencia,-33.4444701,-70.59268
british royal school/ la reina,-33.4512379,-70.5271956
the mayflower school/ lo barnechea,-33.3456433,-70.5074002
aleman de santiago/ las condes,-33.4081097,-70.5661612
los alerces/ lo barnechea,-33.3640637,-70.5184483
instituto ohiggins/ rancagua,,
el bosque provincia cordillera/ puente alto,-33.6185,-70.5979091
instituto santa maria/ ñuñoa,-33.4576912,-70.5965429
sagrado corazon de apoquindo/ las condes,-33.410514,-70.5505099
pedro de valdivia/ las condes,-33.370714,-70.5080432
tabancura/ vitacura,-33.3802002,-70.5340927
scuola italiana vittorio montiglio/ las condes,-33.39811,-70.5051654
nuestra señora del loreto/ las condes,,
andree english school/ la reina,-33.4403711,-70.5513491
liceo amanda labarca / vitacura,-33.38852,-70.5499273
sagrado corazon de jesus/ la reina,,
liceo maria luisa bombal/ vitacura,-33.3881129,-70.5798233
wenlock school/ las condes,-33.4106568,-70.5228887
grace college/ huechuraba,-33.3544847,-70.6768397
institucion teresiana/ las condes,-33.4247847,-70.5553198
padre hurtado y juanita de los andes/ las condes,,
internacional sek chile/ las condes,,
instituto la salle/ la florida,-33.5456796,-70.5666151
santiago college/ lo barnechea,-33.3395898,-70.5446343
santa ursula/ vitacura,-33.3943077,-70.5974585
santa maria/ paine,-33.8088407,-70.7408706
de adultos instituto tabancura/ vitacura,,
nahuel/ paine,-33.8018548,-70.7131152
the international school/ la serena,-29.9488098,-71.2351829
liceo nº1 javiera carrera/ santiago,,
kendal english school/ las condes,-33.4304737,-70.5633163
josefino santisima trinidad/ providencia,-33.4358473,-70.6190327
villa maria academy/ las condes,-33.4209975,-70.588991
patrocinio san jose/ providencia,-33.4292891,-70.6294929
san miguel arcangel/ las condes,-33.388982,-70.5332436
los andes/ vitacura,-33.3756183,-70.5272267
alcantara de los altos de peñalolen,-33.4763564,-70.5398437
centro educ. / la florida,-33.5188839,-70.5583083
centro educ. life support/ las condes,,
liceo jose victorino lastarria/ providencia,-33.430513,-70.6211472
dunalastair/ las condes,-33.3800845,-70.5272624
cumbres / las condes,-33.3896376,-70.4974867
instituto pdte. errazuriz/ las condes,,
the southern cross school/ las condes,-33.3713138,-70.5052907
sagrado corazon de talagante,-33.6782648,-70.9455545
patrona sra. de lourdes/ la florida,-33.5201819,-70.5687058
epullay / peñalolen,-33.4707872,-70.5230118
instituto alonso de ercilla/ santiago,-33.4370379,-70.6666351
sagrados corazones manquehue/ vitacura,-33.3782221,-70.5500399
cordillera/ las condes,-33.3973534,-70.5143342
carmela larrain de inf./maipu,,
san adrian/ quilicura,-33.3616277,-70.730873
concepcion/ chillan,-36.5952508,-72.0814884
palmares/ quilicura,-33.3482204,-70.7278623
la girouette/ las condes,-33.4203106,-70.5685073
liceo domingo santa maria/ arica,-18.4684815,-70.3037669
trewhelas english school/ providencia,,
adventista porvenir/ stgo.,-33.4547409,-70.6309345
centenario / maipu,-33.532913,-70.6975349
lycee antoine de saint-exupery/ vitacura,-33.3942885,-70.5832221
internado nacional barros arana/ santiago,-33.4379269,-70.6838206
gabriela mistral/ rancagua,-34.1752746,-70.7309471
liceo bicentenario polivalente san nicolas/ san nicolas,-36.5046892,-72.218644
niño jesus de praga/ rancagua,-34.1635385,-70.7304829
alcazar de las condes/ las condes,-33.4099818,-70.5794656
verbo divino/ las condes,-33.42134,-70.586125
san agustin/ ñuñoa,-33.4588259,-70.5777334
instituto superior de comercio/ coquimbo,-29.9607805,-71.3405403
aleman/ temuco,-38.7362016,-72.6144566
sagrados corazones de alameda/ santiago,-33.4484759,-70.6641936
liceo bicentenario provincial santa teresa de los andes,,
teresiano enrique de osso/ la reina,-33.442532,-70.5711304
dunalastair valle norte/ colina,,
pumahue/ peñalolen,-33.4967463,-70.5467142
esc. rosa elvira matte de prieto/ lo espejo,,
dunalastair/ peñalolen,-33.5015937,-70.5498629
tabor y nazareth/ lo barnechea,-33.3238155,-70.5410748
filipense/ santiago,-33.4518293,-70.662273
pedro de valdivia-agustinas/ santiago,-33.4419773,-70.6645155
liceo b-42 tajamar/ providencia,,
liceo simon bolivar/ las condes,-33.4259304,-70.5545551
craighouse/ lo barnechea,-33.3147874,-70.5713629
everest / lo barnechea,-33.3332676,-70.5551929
instituto hebreo dr. chaim weizmann-ort/ lo barnechea,,
liceo politecnico sara blinder dargoltz/ santiago,-33.4679056,-70.6484857
la maisonnette/ vitacura,-33.385666,-70.576337
alicante del rosal / maipu,-33.4911671,-70.7797032
manquecura valle lo campino/ quilicura,-33.387741,-70.7242692
liceo rafael sotomayor/ las condes,-33.3951394,-70.5549215
american academy/ san bernardo,-33.6021636,-70.6993356
liceo nº7 de niñas/ providencia,,
san pedro nolasco/ vitacura,-33.3973313,-70.5724448
esc. particular ruben dario/ maipu,,
liceo alexander fleming/ las condes,,
claudio matte/ la granja,-33.5567212,-70.6242338
san esteban diacono/ vitacura,-33.382874,-70.5536226
nueva era siglo xxi/ la florida,,
adventista/ antofagasta,-23.6460548,-70.3956206
centro ed. rousseau / maipu,,
arturo toro amor/ independecia,,
maria auxiliadora/ santiago,-33.4590096,-70.6438196
emmanuel high school/ la florida,-33.5266955,-70.5837114
san jorge de las condes/ las condes,-33.3853345,-70.5356202
otro colegio,,
antartica chilena / vitacura,-33.3896062,-70.5595977
c.e.i.a altazol/ santiago,,
liceo alto cordillera/ la florida,-33.5643243,-70.5549704
liceo marta donoso espejo/ talca,-35.4232374,-71.6572859
mirador / puente alto,-34.8463518,-72.0164084
nido de aguilas/ lo barnechea,-33.353552,-70.5047613
san fernando college/ san fernando,-34.5819609,-70.9872814
larrain/ la reina,-33.452605,-70.5618886
boston college / huechuraba,,
el redentor/ maipu,-33.5477145,-70.7721026
instituto ohiggins/maipu,,
san felipe diacono/ calera de tango,-33.5839866,-70.7779588
complejo educ. / la reina,,
southern college/ los angeles,-37.473022,-72.3710587
los aromos/ puente alto,-33.5622923,-70.5318595
arabe/las condes,-33.4114666,-70.5673648
araucaria cordillera/ puente alto,-33.6044887,-70.5717819
nueva era siglo xxi/ puente alto,-33.6022301,-70.5877136
jacques cousteau/ maipu,-33.5421064,-70.7692289
esc. basica weston academy/ quilicura,,
alcantara de la cordillera/ la florida,-33.5219981,-70.5861619
liceo ruiz tagle/ estacion central,-33.4639523,-70.6945126
santa maria/ santiago,-33.4519888,-70.6439239
instituto chacabuco/ los andes,-32.829979,-70.5947865
windsor school/ valdivia,-39.8333309,-73.2422542
san damian/ la florida,-33.5390184,-70.5571125
almondale / san pedro de la paz,-36.8341639,-73.1030861
liceo polivalente arturo alessandri/ providencia,-33.4461781,-70.6311196
instituto calera de tango/ calera de tango,-33.5907366,-70.7915494
instituto obispo silva lezaeta/ calama,-22.4699063,-68.9275687
complejo educ. monseñor guillermo hartl/ pitrufquen,,
liceo yobilo/ coronel,-37.0072007,-73.153558
liceo poliv. abdon cifuentes/ conchali,,
san gabriel arcangel/ los angeles,-37.4642598,-72.3393032
liceo maximiliano salas marchan/ los andes,-32.8366233,-70.6007848
liceo jose toribio medina/ ñuñoa,-33.4538087,-70.6117504
instituto cumbre de condores/ renca,-33.4042368,-70.7025631
redland school/ las condes,-33.4022009,-70.5210612
portaliano/ san felipe,-32.7544104,-70.7264554
santa rosa / san miguel,-33.4768911,-70.642263
liceo comercial joaquin vera morales/ santiago,,
san juan evangelista/ las condes,-33.4157046,-70.5633923
boston college alto macul/ la florida,-33.512354,-70.5351388
san ignacio el bosque/ providencia,-33.4329021,-70.5943716
cumbres del choapa/ salamanca,-31.7874881,-70.9630448
montessori huelquen/ lo barnechea,-33.3510336,-70.5044242
san benildo/ recoleta,-33.4067548,-70.6527333
saint louis school/ maipu,-33.5623686,-70.7743405
new little college/ la florida,,
gladys lazo/ stgo,-33.4469805,-70.644114
liceo teniente dagoberto godoy/ lo prado,-33.4512017,-70.7140295
saint joseph school/ huechuraba,-33.3537637,-70.6664774
santa ursula/ maipu,-33.5256469,-70.7739392
the newland school/ lo barnechea,-33.3609903,-70.5343678
san benito/ vitacura,-33.3713948,-70.5808906
el carmen teresiano/ la reina,-33.4393072,-70.5478617
carmen teresiano i/ vitacura,-33.379594,-70.5705772
altazor / pte. alto,-33.5819309,-70.5876146
trebulco/ talagante,-33.6794509,-70.9498365
nuestra señora del camino/ la reina,-33.4451654,-70.5524224
akros / ñuñoa,-33.4551968,-70.5891055
chileno norteamericano/ puerto montt,-41.4538432,-72.9115136
polivalente san bernardo abad/ san bernardo,-33.5932995,-70.6767859
san ignacio alonso ovalle/ santiago,-33.4474982,-70.6560442
maria inmaculada/ providencia,-33.4334201,-70.6322622
liceo san felipe benicio/ coyhaique,-45.572558,-72.0676708
ingles de talca/ talca,-35.4311523,-71.6635134
san isidro/ buin,-33.7616305,-70.7463955
instituto sagrada familia/ punta arenas,-53.1583986,-70.9015065
the english institute/ providencia,-33.4402197,-70.6024636
inmaculada concepcion/ vitacura,-33.4024036,-70.5937694
escuela san sebastian/ colina,-33.2039956,-70.6790386
sun valley college/ calle larga,-32.8619952,-70.5847177
mariano/ providencia,,
polivalente almendral/ la pintana,-33.5966931,-70.6202728
de la salle/ la reina,-33.4455239,-70.5716755
atenas / la florida,-33.5454201,-70.5728774
liceo republica de siria/ ñuñoa,-33.4557403,-70.5750848
el sembrador/ puente alto,-33.6106788,-70.5774393
la abadia/ la reina,-33.4346125,-70.5435626
the grange school/ la reina,-33.4369478,-70.5678993
montessori/ talca,-35.4423214,-71.6831616
liceo lenka franulic/ ñuñoa,-33.4497325,-70.5724397
greenland school / estacion central,-33.4576034,-70.7240075
presidente jose manuel balmaceda/ san bernardo,-34.4009141,-70.8425449
aleman/ los angeles,-37.4723164,-72.3284103
colegio corazon de jesus/ quinta normal,-33.4264581,-70.7000465
los nogales / puente alto,-33.5724128,-70.5412287
alicante del valle/ pte alto,-33.5956176,-70.5471752
wolfgang amadeus mozart/collipulli,,
centro educ. prof. guillermo gonzalez heinric/ ñuñoa,,
san jose de chicureo/ colina,-33.2795024,-70.6377061
colegio american british college/ la florida,,
instituto miguel leon prado/ san miguel,-33.4884224,-70.6498444
instituto ingles de rancagua,-34.1775749,-70.7450902
coya / machali,-34.2046861,-70.5309812
john andrews adventist academy / la reina,-33.4512967,-70.5306544
liceo monsenor enrique alvear/ pudahuel,-33.4626912,-70.7524822
aleman/ punta arenas,-53.131172,-70.8902706
deutsche schule/ chillan,,
centro san esteban martir/ lo barnechea,-33.3613483,-70.5058332
notre dame/ peñalolen,-33.4863711,-70.5599614
carampangue / talagante,-33.6825267,-70.9195218
san anselmo/ colina,-33.2666462,-70.6351397
alianza francesa de valparaiso/ viña del mar,-32.9578102,-71.5407083
maitenes/ melipilla,-33.829094,-71.3560885
the kent school/ providencia,-33.4423638,-70.6057159
centro educ. compañia de maria/ puente alto,,
san francisco de paine,-33.4802148,-70.5930866
quinto centenario cordillera/ la florida,,
colegio san andres maipu el bosque/ maipu,-33.5466758,-70.793828
santa cruz de chicureo/ colina,-33.287322,-70.6927863
american british school / la florida,-33.5214455,-70.5666015
liceo bicentenario francisco bilbao barquin,-33.3545974,-70.753441
highlands/ colina,-33.218462,-70.6624706
tecnico profes. nocedal/ la pintana,,
liceo carmela silva donoso/ ñuñoa,-33.4675598,-70.6056057
kings school/ san bernardo,-33.6237813,-70.7046123
heroes de maipu/ maipu,-33.5036633,-70.7277015
liceo catolico atacama/ copiapo,-27.3671883,-70.3375358
instituto de enseñanza media claudio matte/santiago,-33.4747693,-70.6496426
de humanidades / villarrica,-39.3040845,-72.2193018
lincoln internacional academy/ chicureo,,
san francisco del alba/ las condes,-33.4038878,-70.536644
bajo molle/ iquique,-20.2984657,-70.132294
san viator/ macul,-33.5063881,-70.6026652
liceo bicentenario de niñas/ maipu,-33.4922077,-70.7847068
santa isabel de hungria/ la cisterna,-33.5309318,-70.6655864
aleman / la serena,-29.9523968,-71.2268043
maria ana mogas/ paine,-33.8095622,-70.737383
liceo miguel rafael prado/ independencia,-33.4209328,-70.6621639
instituto politecnico maria auxiliadora/ puerto montt,-41.474643,-72.9508336
liceo jose miguel infante/ santiago,-33.4328779,-70.6638508
liceo industrial alberto widmer/ maipu,-33.5098667,-70.7675528
la virgen de pompeya/ las condes,-33.4061662,-70.5402434
monseñor manuel larrain errazuriz/ curico,,
lincoln international academy/ lo barnechea,-33.3696392,-70.5111799
casa de estudio futuro/ ñuñoa,,
north cross school/ curacavi,-33.4042717,-71.1285701
santa maria de los angeles/ la cisterna,-33.5447058,-70.6685385
liceo aleman del verbo divino/ los angeles,,
leonardo da vinci/ talagante,-33.6071377,-70.8689074
san felix/ maipu,-33.5341665,-70.7866625
instituto superior de comercio eduardo frei m./ santiago,,
hellens college/ conchali,,
colegio galileo/ quillota,-32.8584589,-71.2342493
elvira hurtado de matte/ quinta normal,-33.421406,-70.6967946
manquemavida/ santa cruz,-34.687753,-71.4018837
el rosario/ litueche,-34.1167192,-71.7312724
liceo santa maria de las condes/ las condes,-33.4251562,-70.531556
franciscano maria reina / estacion central,-33.455437,-70.6836666
liceo polivalente talagante/ talagante,-33.5634641,-70.7962697
green house school/ temuco,-38.7412778,-72.6369861
corazon de maria/ san miguel,-33.4979512,-70.6571403
colegio los pensamientos de san bernardo/ san bernardo,-33.6257956,-70.7049485
camilo henriquez / maipu,-39.8145512,-73.2458631
nuevo diego de almagro/ santiago,,
hispano chileno el pilar / rancagua,-34.1841184,-70.7088305
coyancura / las condes,-33.4290366,-70.5864568
aleman sankt thomas morus/providencia,-33.4260849,-70.6099821
complejo educ. alberto widmer/ maipu,,
lincoln college/ pudahuel,,
santa cecilia/ la florida,-33.5617815,-70.5754359
alicante / maipu,-33.4746394,-70.7568186
castelgandolfo / padre hurtado,-33.5627203,-70.7904698
polivalente domingo matte mesias/ puente alto,,
elena bettini/ independencia,-33.4021659,-70.6723994
intercultural trememn/ maipu,-33.5009992,-70.762768
jose luis lagrange/ la cisterna,-33.5311146,-70.6647552
ozanam/ santiago,-33.4286512,-70.6760158
saint joseph c. thomas school/ la florida,,
santa maria/ maipu,-33.5186849,-70.7492225
santiago/ la florida,-33.5533526,-70.5802372
superior del maipo/ san bernardo,-33.598409,-70.6961464
anglo/ maipu,-33.49371,-70.7367935
hermanos carrera de chile/ maipu,-33.5039834,-70.7633734
esc. basica madre de jesus/ maipu,,
instituto sagrado corazon/ rancagua,,
inmaculada concepcion/ san bernardo,-33.5907642,-70.7053866
scuola italiana giusseppe verdi/ copiapo,,
liceo valentin letelier/ recoleta,-33.4263317,-70.6454825
liceo comercial gabriel gonzalez videla/ ñuñoa,-33.4519365,-70.5910239
esc. de adultos jorge alessandri rodriguez/ recoleta,,
santa marta/ ñuñoa,-33.4386222,-70.5762211
san antonio del baluarte/ rengo,-34.4010093,-70.8660914
almenar del maipo/ puente alto,-33.5979007,-70.5141421
alto del valle/ buin,-33.7315594,-70.7729977
maria teresa cancino aguilar/ recoleta,-33.4120554,-70.638532
divina pastora/ ñuñoa,-33.4592571,-70.6053836
inmaculada concepcion/ puerto varas,-41.3189528,-72.9874146
villa el sol/ el bosque,-33.5539404,-70.6706787
liceo polivalente a-28 emilia toro de balmaceda/ santiago,-33.4410687,-70.6794586
instituto aleman/ osorno,-40.9114022,-73.1596745
esc. y liceo paulina von mallinckrodt/ providencia,,
ingles san jose de linderos/ buin,-33.7683016,-70.7435714
trinity college/ machali,-34.1885255,-70.7081788
creces / las condes,-33.4243477,-70.5617227
liceo polivalente santa juliana/ recoleta,-33.4068058,-70.6484647
liceo polivalente san jose de la preciosa s./ quinta normal,,
metodista/ santiago,-33.4677722,-70.6470285
saint mary joseph school/ macul,-33.4820617,-70.6103034
nueva era siglo xxi/ valparaiso,-33.1265976,-71.5710458
manquecura ciudad de los valles/ pudahuel,-33.4513644,-70.8490408
polivalente san rafael/ lo barnechea,-33.3501682,-70.5067187
san miguel de los andes/ puente alto,-33.5655526,-70.5732757
liceo madre cecilia lazzeri/ la cisterna,-33.5332918,-70.6678079
the southland/ lo barnechea,-33.3643573,-70.4964012
nuevo hispano chileno/ santiago,-33.4407129,-70.6710475
extremadura/ puente alto,-33.5993439,-70.5828167
centro educ. san carlos de aragon/ puente alto,,
centro educ. niño dios de malloco/ peñaflor,,
nuestra señora del huerto/ san joaquin,,
liceo jose domingo cañas/ quilicura,-33.3654466,-70.742455
regina pacis/ providencia,-33.4422355,-70.5917416
liceo gregorio cordovez/ la serena,-29.9024899,-71.2434883
liceo de zapallar/ zapallar,-34.9843725,-71.2145776
coronel eleuterio ramirez m./ la reina,,
australian college tercer milenio/ quilicura,,
centro educ. altair/ padre hurtado,,
alcantara / talagante,-33.6588162,-70.9183113
centro ed. dr. amador nechme/estacion central,,
centro educ. horacio aravena/ san joaquin,,
liceo polivalente francisco frias v./ la granja,,
manquecura/ puente alto,-33.563431,-70.5423791
polivalente profesor guillermo gonzalez h./ providencia,,
terraustral del sol/ maipu,-33.4993515,-70.7807226
centro educ. san lorenzo/ recoleta,,
john dewey college/ las condes,-33.4251537,-70.5894758
adventista maranata/ talca,,
la mision/ calera de tango,-33.6252583,-70.7697279
guillermo labarca/ quinta normal,-33.4408593,-70.6989058
liceo paula jaraquemada/ recoleta,-33.4258558,-70.6467735
tomas moro/ san miguel,-33.5113638,-70.65332
colegio bicentenario santa maria/ el monte,,
chilean eagles college/ la florida,-33.5261756,-70.5951299
antupiren / peñalolen,-33.4766924,-70.5444742
liceo villa macul academia ex liceo ex liceo juana de i./ macul,,
academia de estudios miraflores/ stgo,,
desiree/ colina,-33.2045493,-70.6815138
centro educ. salesianos alameda/ santiago,,
campanario/ buin,-33.7283194,-70.7758516
alberto perez/ maipu,-33.4940678,-70.76155
instituto sagrado corazon/ san bernardo,-33.5922452,-70.7087354
instituto san pablo misionero/ san bernardo,-33.5982063,-70.7003881
boston college/ maipu,-33.4909484,-70.7677641
liceo polivalente maria reina/ puente alto,-33.5814622,-70.575079
san francisco misionero/ maipu,-33.5647902,-70.7866538
liceo bicentenario san pedro/ puente alto,-33.6267151,-70.5773144
liceo santiago bueras y avaria/ maipu,-33.5052761,-70.7514477
liceo leonardo murialdo/ recoleta,-33.4292932,-70.6398896
san luis de gonzaga ii/ puente alto,,
piamarta / estacion central,-33.4710865,-70.7245661
ingles isaac newton/ san bernardo,-33.6019131,-70.7010856
santa elena carmelitas misioneras teresiana/ santiago,,
santiago evangelista/ la reina,-33.4502869,-70.5654352
san juan diego/ recoleta,-33.3818964,-70.6438509
nuestra señora maria inmaculada/ el bosque,-33.5545687,-70.6760064
centro politecnico part. san ramon/ la cisterna,,
complejo educ. de lampa,,
tupahue/ puente alto,-33.6028637,-70.5838945
bertait college/ lo barnechea,-33.3507263,-70.5057362
esc. y liceo liahona/ el bosque,,
los conquistadores/ cerrillos,-33.5012084,-70.7238722
liceo politecnico hannover/ maipu,-33.4991865,-70.7442663
liceo municipal de santa cruz,-34.6382807,-71.3623183
vicente valdes/ la florida,-33.5264186,-70.5967924
altamira/ peñalolen,-33.4791156,-70.5378332
liceo almirante galvarino riveros/ conchali,-33.3727566,-70.6820497
monteverde/ peñalolen,-33.4723283,-70.5514828
santa maria/ quilicura,-33.3501788,-70.7316693
liceo comercial / ñuñoa,-33.4570674,-70.5994531
panquehue/ panquehue,-32.7705769,-70.8361303
nueva aurora de chile/ recoleta,-33.3967651,-70.6457573
monte olivo de puente alto,-33.617936,-70.6141867
universitario ingles/ providencia,-33.4274482,-70.6220567
compañia de maria seminario/ providencia,-33.4371975,-70.6314692
pablo apostol/ la florida,-33.5344739,-70.5361339
excelsior / santiago,-33.4517223,-70.6688839
ingles catolico/ la serena,-29.9174955,-71.255121
los alerces de talagante,-33.6680131,-70.9267975
liceo experimental manuel de salas/ ñuñoa,-33.4543532,-70.5907163
sagrada familia/ viña del mar,-32.9532488,-71.5374386
anglo american international school/ lo barnechea,-33.3546092,-70.4804768
hispano americano/ santiago,-33.4558057,-70.6395196
alterra/ san bernardo,-33.640717,-70.6991153
subercaseaux college/ san miguel,-33.4800904,-70.6554141
san francisco de asis/ la florida,-35.4267252,-71.6685385
the antofagasta british school/ antofagasta,-23.6772658,-70.4100799
santa cruz/ santiago,-33.4964084,-71.6171344
centro de estudios la araucana/ santiago,-33.4494649,-70.6612819
verbo divino/ chicureo,-33.2832362,-70.6444898
liceo mater purissima/ maipu,-33.5051956,-70.7472341
saint margarets school/ concon,,
the angels school/ ñuñoa,-33.4471472,-70.594791
instituto san fernando/ san fernando,-34.598115,-70.9893864
complejo educ./ chimbarongo,,
kingston college/ concepcion,-36.7844903,-73.0513621
concepcion/ parral,-36.1627567,-71.8315379
universitario el salvador/ ñuñoa,-33.4484033,-70.6215307
jose abelardo nuñez murua/ puente alto,,
liceo salesiano camilo ortuzar montt/ macul,-33.503597,-70.5897297
terranova/ peñaflor,-33.6079709,-70.9034228
divina pastora/ la florida,-33.5458318,-70.5896368
antimanque/ peñaflor,-33.6095228,-70.9027011
instituto aleman/ puerto montt,-41.470425,-72.9327799
los alpes/ maipu,-33.56506,-70.7816039
liceo octavio palma perez/ arica,-18.4739585,-70.3084812
san marcos/ macul,-33.4916495,-70.5861915
cordillera / puente alto,-33.5819581,-70.5725668
liceo bicentenario altos del mackay/ coyhaique,-45.5883029,-72.1009621
saint charles college/ la florida,-33.5349847,-70.5985849
quillota terranova/ quillota,-32.862999,-71.2379686
san antonio/ santiago,-33.4387776,-70.6482554
n° 1 de ñuñoa,-33.4644007,-70.6249277
san gabriel/ coquimbo,-29.962051,-71.3393001
alto del maipo/ isla de maipo,-33.7437431,-70.8627397
escuela basica palmares oriente/ quilicura,,
instituto san martin/ curico,-34.9888533,-71.2389072
santa catalina laboure/ la reina,-33.4495302,-70.5701766
curimon/ san felipe,-32.7860524,-70.6842487
complejo educ. juan jose latorre b./ mejillones,,
presidente alessandri/ independencia,-33.4178162,-70.6774496
parroquial san miguel/ san miguel,-33.4868814,-70.649754
san ignacio/ talca,-35.422216,-71.6706877
liceo salesiano manuel arriaran/ la cisterna,,
liceo santa marta/ talca,-35.432536,-71.6450978
santa maria reina/ la reina,-33.4517412,-70.5507042
liceo eugenio maria de hostos/ la reina,,
cordillera/ molina,-35.1145164,-71.2805077
curacavi college / curacavi,-33.4067734,-71.1283142
nuestra señora de la merced/ melipilla,-33.6867112,-71.2164076
francisco encina/ ñuñoa,-33.4637602,-70.6004458
itahue/ chiguayante,-36.8755052,-73.0325132
liceo tecnico profesional la araucana/ concepcion,-36.8037878,-73.0297676
liceo bicentenario de excelencia nacional/ cerro navia,,
liceo republica de grecia/ talagante,-33.6639223,-70.9237144
ingles/ iquique,-20.2227261,-70.1510855
san juan de las condes/ las condes,-33.4296147,-70.5838096
alcantara de la florida,-33.5219981,-70.5861619
fundadores / calera,-32.7934586,-71.2050154
aleman de valparaiso/ viña del mar,-33.0380549,-71.5248955
inmaculada concepcion/ concepcion,-36.7446164,-72.4777377
parroquial santa rosa de lo barnechea/ lo barnechea,-33.3618809,-70.5039109
carolina llona de cuevas/ maipu,,
rauquen/ curico,-34.9627043,-71.2010385
san francisco de asis/ san bernardo,-34.398058,-71.9923057
chile/ san miguel,-33.4796656,-70.6689252
latinoamericano/ la florida,,
liceo capitan ignacio carrera pinto/ colbun,,
germania del verbo divino/ puerto varas,-41.3209672,-72.987934
precursor francisco de miranda/ quillota,-32.8781276,-71.2550382
liceo politecnico cesareo aguirre g./ calama,,
concepcion san pedro/ san pedro de la paz,-36.849326,-73.1322641
maria inmaculada/ concepcion,-20.2118769,-70.1498458
instituto humanidades san francisco de asis/lota,,
liceo camilo henriquez/ temuco,-38.7323505,-72.6223899
quimahue/ rancagua,-34.1370061,-70.7342652
real de caren/ machali,-34.1686121,-70.6500738
arturo perez canto/ recoleta,-33.4018924,-70.6295286
buin/ buin,-33.7323649,-70.7284333
esc basica part emilia gonzalez espinoza/ san bernardo,,
jose agustin alfonso/ pedro aguirre cerda,-33.5030644,-70.6777054
madre de jesus/ padre hurtado,-33.5667245,-70.7861414
montessori/ san bernardo,-33.596602,-70.7043946
sofia infante hurtado/ maipu,-33.5256419,-70.7579145
liceo san francisco/ san ramon,-33.5441369,-70.6345558
liceo isaura dinator de guzman/ santiago,-33.4456162,-70.6789795
centro educacion mariano egana/ peñalolen,,
cardenal raul silva h./ viña del mar,,
maria auxiliadora/ los andes,-32.8322228,-70.6017635
ingles saint john/ rancagua,-34.1758792,-70.7231699
scuola italiana/ villa alemana,-33.0468956,-71.3749789
integral arturo prat/ talagante,-33.6613024,-70.9230444
liceo de machali,-34.1754914,-70.6600919
claudio arrau / doñihue,-34.2238934,-70.9623193
liceo teno/ teno,-34.8705939,-71.1656399
nahuelcura/ machali,-34.1738294,-70.6912606
liceo nuestra sra. de la paz/ viña del mar,-33.0015499,-71.5411509
polivalente saint orland nº 3/ cerro navia,,
people help people/ santo domingo,-33.6360443,-71.6145606
liceo bicentenario de talagante/ talagante,-33.6687968,-70.9425871
instituto america/ maipu,-33.5075037,-70.7647165
liceo comercial alejandro lubet v./ quilpue,-33.0451035,-71.4398514
francisco arriaran/ santiago,-33.4589927,-70.6487645
serena/ la serena,-29.902631,-71.2520253
liceo juan pablo ii de las condes,-33.4203622,-70.5361564
netlandschool/ antofagasta,,
san andres/ maipu,-23.6483162,-70.4001832
liceo andres bello/ san miguel,-33.4861966,-70.652894
teresa de los andes/ algarrobo,-33.3675912,-71.6596575
escuela basica fco. varela/ peñalolen,,
la cruz/ machali,-34.1627026,-70.6663371
liceo polivalente de tome-alto/ tome,-36.6013689,-72.9584096
hispano britanico/ iquique,-20.2656583,-70.1259024
centro educ. santa clara /la cisterna,,
melford college/ quilicura,-33.3616296,-70.728936
adventista/chillan,-36.5972537,-72.094876
liceo san pedro poveda/ maipu,-33.4956485,-70.7611252
los ceibos/ talagante,-33.6057405,-70.8766507
cristobal colon/ melipilla,-33.8873693,-71.4543449
san lorenzo/ copiapo,-27.364423,-70.3390284
liceo paul harris/ padre hurtado,-33.5629629,-70.7963754
san alberto/ machali,-34.1733965,-70.6900851
jose agustin gomez/ san felipe,-32.7464035,-70.7264294
hispano americano rio viejo/ chillan,-36.6308553,-72.0925419
san francisco de asis/ cholchol,-38.6050336,-72.8437381
instituto rafael ariztia/ quillota,-32.8833634,-71.2476448
san jose/ la serena,-29.8697992,-71.2436632
vichuquen/ curico,-34.765762,-72.0767709
liceo de cs. y hum. san jose maria escriva de b./ coquimbo,,
saint james school/ buin,-33.733176,-70.7549787
liceo abate molina/ talca,-35.4214901,-71.6586751
adventista/ la cisterna,-33.5368053,-70.6680736
polivalente geronimo de alderete/ pudahuel,-33.4581855,-70.7595343
albert einstein/ recoleta,-33.4054582,-70.6242996
colegio municipal de las condes/las condes,,
peumayen/ padre hurtado,-33.5840403,-70.831142
santa maria de la cordillera/ puente alto,-33.5809396,-70.5879362
centro educ. alberto hurtado/ quinta normal,,
terra australis/ pudahuel,-33.433381,-70.7731924
alianza austral / coyhaique,-45.5850736,-72.0776002
liceo benjamin vicuña mackenna/ la florida,-33.5219596,-70.5821898
c.e.i.a. josefina mendez e.i.r.l./ coyhaique,,
san ignacio college/ san bernardo,-33.6161914,-70.704285
colonial / pirque,-33.6302954,-70.5721625
polivalente lovaina/ la florida,-33.5640644,-70.5796316
escuela domingo ortiz de rozas/ casablanca,-33.3155995,-71.4030044
boston college san martin/ maipu,-33.5235321,-70.777625
esc. madre ana eugenia/ pudahuel,,
liceo alto jahuel/ buin,-33.7299894,-70.684509
alberto hurtado cruchaga/ doñihue,,
escuela bas. san jose de penalolen/ peñalolen,,
liceo politecnico/ talagante,-33.6649764,-70.9240686
colegio castilla y aragon/ viña del mar,-32.9945213,-71.514864
madre de la divina providencia/ macul,-33.4823777,-70.5980861
new heinrich high school/ ñuñoa,,
liceo tecnologico enrique kirberg / maipu,,
internacional sek del pacifico/ concon,,
alicante del sol/pte alto,-33.5956939,-70.5870873
san ignacio/ viña del mar,-33.002751,-71.504173
manquecura/ ñuñoa,-33.4525127,-70.5750848
san luis de las condes,-33.4305617,-70.5741041
paula jaraquemada/ quilicura,-33.3653994,-70.7396174
liahona cordillera/ la florida,-33.5439961,-70.5864116
colegio cabo de hornos/ colina,-33.2016541,-70.6604272
instituto comercial blas cañas/ santiago,-33.4454973,-70.6422965
san sebastian de melipilla,-33.6557174,-71.1503021
alonso de cordova/ renca,,
francisco de miranda/ quillota,-32.8793104,-71.2550175
confederacion suiza / la reina,-33.4589924,-70.5701687
miguel de cervantes/ la cisterna,-33.5439098,-70.6557652
santa maria/ la florida,-33.5195323,-70.5743051
santa isabel/ santiago,-33.4723657,-70.642503
pinares/ chiguayante,-36.9286597,-73.0163368
esc. raimapu tierra/ la florida,,
adventista/ buenaventura/ lo espejo,-33.5060056,-70.6949562
centro educacional de adultos rafael sotomayo/ la florida,,
complejo educ. brigida walker/ ñuñoa,,
santa gema galgani/ ñuñoa,-33.449028,-70.5997113
instituto camilo henriquez / villarrica,-39.2768387,-72.2359829
princess anne school/ la cisterna,-33.5210359,-70.660297
ecologico montessori/ calama,-22.4731426,-68.9372768
domingo santa maria/ puerto montt,-41.4708257,-72.9850379
instituto de tabancura/ providencia,,
liceo jose cortes brown/ viña del mar,-33.0220678,-71.5651096
ciudadela montessori/ las condes,-33.4133076,-70.5596068
liceo miguel de cervantes y saavedra/ santiago,-33.4436782,-70.6716473
centro ed mario bertero cevasco/ isla de maipo,,
el roble/ santo domingo,-33.6718497,-71.6017449
antilhue la florida,-33.5247098,-70.5709021
san carlos de quilicura,-33.3606182,-70.7106774
instituto politec. san miguel arcangel/ san miguel,,
liceo industrial benjamin franklin/ quinta normal,-33.4294594,-70.6970193
grace school/ pedro aguirre cerda,-33.5014168,-70.6871055
santa monica de melipilla,-33.6833321,-71.2167498
liceo santa teresita/ independencia,-35.4290409,-71.6609483
nuestra señora del carmen/ maipu,-33.5127014,-70.7685128
aleman/ puerto varas,-41.3273941,-73.0929922
chilean eagles college/ la cisterna,-33.5243691,-70.6504699
españa/ concepcion,-36.8189965,-73.0725175
dario salas/ talca,-35.4123999,-71.6573916
william kilpatrick/ las condes,-33.3942952,-70.5213523
escuela luis cruz martines/ quilicura,,
liceo de limache/ limache,-32.9853109,-71.2731703
valle del aconcagua/ quillota,-32.8298794,-71.0464094
instituto cristiano luis gandarillas/ maipu,,
antilen/rengo,-34.4020498,-70.8562215
jerusalen de lampa/ lampa,-33.2821039,-70.8768906
swedenborg college/ macul,-33.4921944,-70.5828864
agustiniano/ el bosque,-33.5699279,-70.680007
de maipo/ buin,-33.7079101,-70.749507
liceo insular / quinchao,-42.4704285,-73.4954377
liceo industrial eliodoro garcia zegers/ santiago,-33.4370714,-70.6629002
colegio the southland school/ vitacura,,
santa maria de cervellon /independencia,-33.4107718,-70.6583054
de adultos instituto nuevo bilbao/ providencia,,
montaner/ hualpen,-36.787292,-73.1104764
liceo nacional bicentenario de excelencia/ san bernardo,,
instituto santa marta/ curico,-34.9802986,-71.2361525
superior cambridge/ providencia,-33.4402009,-70.6307101
maria montessori/ los andes,-32.8318384,-70.6090466
liceo rosa ester alessandri/ independencia,-33.4098102,-70.6622619
andres bello / pampa,-29.9236448,-71.2544457
quimay/ las condes,-33.4259069,-70.5728333
escuela basica boston college de san bernardo/ san bernardo,,
santa ines/ san vicente,-34.477979,-71.1497301
liceo ignacio carrera pinto/ san vicente,-34.4415424,-71.0795146
liceo agustin ross edwards/ pichilemu,-34.390299,-72.0023973
colegio de maria/ talca,-35.4443288,-71.6965018
esc. industrial san vicente de paul/ santiago,,
santiago emprendedores/ san bernardo,-33.6195747,-70.682136
british high school/ las condes,-33.3891572,-70.5311186
nuevo horizonte/ puente alto,-33.5947548,-70.6018169
terraustral oeste/ maipu,,
rosita renard/ coronel,-37.0022319,-73.1644957
laico/ valdivia,-39.8272427,-73.2391411
master college/ san bernardo,-33.6021544,-70.7026651
charles de gaulle/ concepcion,-36.8307119,-73.0463268
inmaculada concepcion/san fernando,-34.5797226,-70.9891216
polivalente ingles/ la pintana,-33.6129703,-70.6372826
liceo esmeralda/ colina,-33.1844806,-70.6514807
escuela part. regina mundi/ macul,,
santiago/ quilicura,-33.3554273,-70.6955547
almenar de pirque,-33.6459884,-70.5879971
ecologico paine/paine,-33.8616365,-70.7526147
kimen montessori/ colina,-33.2581369,-70.719269
sagrado corazon de hospicio/ alto hospicio,-20.2794897,-70.0980968
claudio matte/ viña del mar,-33.0042627,-71.5001118
escuela del cariño kimeltuwe/ buin,-33.7406551,-70.7451428
liceo de aplicacion rector jorge e schne/ santiago,-33.4458341,-70.6669868
instituto regional de educacion/ rancagua,-34.1684705,-70.7357964
esc. de la industria grafica hector go/ san miguel,,
campvs college/ providencia,-33.4370773,-70.6148061
liceo jose miguel carrera/ santiago,-33.4491935,-70.6676968
latinoamericano de integracion/ providencia,-33.4401977,-70.6144265
altas cumbres / villarrica,-39.2827541,-72.223248
instituto humanidades alfredo silva/ concepcion,-36.8308433,-73.0449351
politecnico aleman albert einstein/ cerrillos,-33.497602,-70.7195495
liceo politecnico tomas marin de poveda/ rengo,-34.4096366,-70.861867
capellan pascal /viña del mar,-32.9944964,-71.5443204
monte de asis/ puente alto,-33.5846873,-70.5636726
bordemar/ valparaiso,-33.4966345,-71.6341874
instituto comercial eliodoro dominguez/ santiago,,
consolidada / puente alto,-33.6117703,-70.5710351
instituto corintio/ san bernardo,-33.59808,-70.7140869
apostol san pedro/ ñuñoa,-33.4543511,-70.609221
colegio la republica/ rancagua,-34.1772632,-70.7431295
liceo gabriela mistral/ cañete,-37.799757,-73.3985855
juan salvador college/ san javier,-35.5994357,-71.7170611
internado aleman/ villa alemana,-33.0497477,-71.3778231
instituto abdon cifuentes/ san felipe,-32.7534777,-70.7232225
isabel la catolica/ ñuñoa,-33.4476058,-70.6038491
etievan/ la reina,-33.4408734,-70.5287498
montessori pucalan/ colina,,
pierre teilhard de chardin/ la florida,,
liceo municipal oscar castro z./ rancagua,,
el pequeno mozart/ machali,,
liceo polivalente libertador gral jose de san martin/santiago,,
de los sagrados corazones padres franceses/ viña del mar,,
h. f. camilo henriquez/ quilpue,,
obispo alvear/ puente alto,-33.5888783,-70.5944127
miramar/ arica,-18.4948194,-70.3148868
hermano eugenio eyraud/ isla de pascua,-27.149442,-109.4227507
liceo indira gandhi/ la florida,-33.552686,-70.5899471
oratorio don bosco / santiago,-33.454527,-70.6414787
lo barnechea bicentenario/ lo barnechea,-33.3644171,-70.4988357
liceo federico heise marti/ parral,-36.1419855,-71.8209927
instituto tecnologico san mateo/ pudahuel,-33.4650086,-70.7416941
esc. patrona de lourdes/ peñaflor,,
alborada/ puente alto,-35.8009954,-71.5849075
escuela internacional de lideres/ maipu,,
instituto talagante/ talagante,-33.6997378,-70.9342913
liceo laura vicuña/ la cisterna,-33.5407294,-70.664383
navarra/ puente alto,-33.5620148,-70.5588136
c.e.i.a casa chaminade/ linares,,
tecnico profes. republica argentina/ ñuñoa,,
domus mater / valdivia,,
paul harris school/ el bosque,-33.575301,-70.6884803
instituto ciec/ viña del mar,-33.0174663,-71.543844
del alba/ coquimbo,-30.0270871,-70.5185762
escuela basica denham school/ san bernardo,,
colegio santa barbara college/ el bosque,-33.5750335,-70.6634271
instituto com. alberto valenzuela llanos/ san fernando,,
liceo de niñas/ concepcion,-36.8302101,-73.0508232
salesiano padre jose fernandez perez/ puerto montt,-41.4636522,-72.9635485
instituto industrial superior/ chillan,,
liceo domingo latrille l./ tocopilla,,
san gregorio de la salle/ la granja,-33.5365939,-70.6203944
dalcahue / las condes,-33.3987694,-70.5448667
pucara/ ovalle,-30.5923919,-71.202065
gabriela mistral/ quinta normal,-33.410866,-70.7100604
saint rose school/ santiago,-33.4563263,-70.6363997
santa maria/ ovalle,-30.5814641,-71.190866
manantial de san miguel,-33.5109507,-70.6636301
francisco de miranda/ peñalolen,-33.4671046,-70.5709917
aleman de san felipe/ panquehue,-32.7587411,-70.7513822
san viator/ ovalle,-30.6015848,-71.1902061
liceo san francisco/ vallenar,-28.5758867,-70.760853
san jose/ requinoa,-34.3186286,-70.8267975
santo domingo country school/ santo domingo,,
villa maria college/ machali,-34.1764656,-70.6947133
liceo experimental umag/ punta arenas,,
inmaculada concepcion/ puerto montt,-41.4672534,-72.9390104
san fracisco javier/ cerro navia,,
la concepcion/ la florida,-33.5245806,-70.5948035
colegio particular juan bosco/san pedro de la paz,,
padre alberto hurtado/ chillan,-36.6037956,-72.0815565
aquelarre / teno,-34.8814213,-71.1598687
liceo juan cortes-monroy cortes/ taltal,-25.4070325,-70.4845286
sebastian elcano/ san bernardo,-33.6075733,-70.697554
vedruna/ san felipe,-32.7606068,-70.720237
santo tomas/ curico,-34.9847645,-71.2410918
liceo osorno college/ osorno,,
san joaquin/ renca,-33.3994343,-70.7283648
rafael sanhueza lizardi/ recoleta,-33.4280083,-70.6446679
liceo tecnico felisa tolup z./ san fernando,,
mauricio rugendas/ la florida,-33.527003,-70.5996658
colegio san jorge/ laja,-37.2823912,-72.7085552
santa bernardita/ talcahuano,-36.749457,-73.0932539
esc. santa cruz/ mariquina,,
esc. de administracion y comercio humanista/ curico,,
san nicolas de maipu,-33.5019226,-70.7422491
altazor/ concon,-32.9241723,-71.5195378
bicentenario cordillera de san felipe/ san felipe,,
instituto santa maria/ chillan,-36.6037628,-72.1042234
orchard college/ curico,-34.9913319,-71.2101111
santo domingo de guzman/ valparaiso,-32.4496217,-71.2309075
san jose de lampa/ lampa,-33.3669654,-70.8483162
liceo hum. cientifico jose de la cruz miranda/ cañete,,
hans christian andersen/ san fernando,-34.5835245,-70.9828921
san cristobal college/ san miguel,-33.4954363,-70.6523701
liceo vicente alberto palacios/ tome,-36.6135799,-72.956272
instituto santa maria/ antofagasta,-23.6526706,-70.3951039
aleman/ villarrica,-39.2957502,-72.1783796
centro ed. de ad./ cerro navia,,
victoria prieto/ santiago,-33.4450775,-70.6754573
lirima/ iquique,-20.2764029,-70.1264521
san jose/angol,,
saint johns school/ san pedro de la paz,,
concepcion chiguayante/ chiguayante,-36.8686201,-73.042357
antonio rendic/ antofagasta,-23.6257774,-70.3816151
eagles college/ iquique,-20.2552835,-70.1324216
instituto tecnologico del sur/ valdivia,-39.8246813,-73.2107066
amalia errazuriz / ovalle,-30.6120227,-71.2171241
pumanque/ puerto montt,-41.4493825,-72.9025315
liceo parroquial san antonio/ viña del mar,-32.997976,-71.5144593
de adultos galileo/ ovalle,-30.6023229,-71.1956921
antonio varas / vicuña,-30.0298686,-70.7081999
liceo andres sabella/ antofagasta,-23.675776,-70.410366
teresiano padre enrique/ nacimiento,-37.4974222,-72.6820587
santa teresita del niño jesus/ santiago,-33.7912303,-71.2536615
c.e.i.a. santa/ coquimbo,,
escuela basica nº312 molokai/ cerro navia,,
merryland/ puente alto,-33.5649717,-70.5667424
barros borgono/santiago,-33.4669356,-70.6492509
cervantes/ la serena,-29.9224382,-71.2047672
tecnico profes. los acacios/ concepcion,,
liceo galvarino riveros cardenas/ castro,-42.4844541,-73.7643292
chuquicamata / calama,-22.3171446,-68.9303083
instituto monseñor lecaros/coltauco,-34.2917477,-71.0820496
saint dominic/ viña del mar,-33.0172139,-71.5481822
municipal instituto chacabuco/ colina,-33.2071592,-70.6725347
santa maria de la providencia/ renca,-33.4117215,-70.6899395
complejo educ./ maipu,,
liceo austral lord cochrane/ cochrane,-47.2510764,-72.5705136
colegio ingles mi mundo/ traiguen,-38.2520204,-72.6683103
liceo polivalente los guindos/ buin,-33.712761,-70.7217938
liceo zapallar/ curico,-34.9843725,-71.2145776
esc. santa joaquina de vedruna/ puente alto,,
liceo adventista/ punta arenas,-53.1387469,-70.8893765
liceo politecnico andes/ renca,-33.408735,-70.6958592
esc. particular rosario concha/ la florida,,
bernadette college /la florida,-33.5507604,-70.5941711
san jorge/ arica,-18.4363479,-70.2921388
corazon de maria/ antofagasta,-23.6576915,-70.3969265
creacion la araucana/ puerto montt,,
le monde/ la florida,-33.5506319,-70.588903
american college / san miguel,-33.4876724,-70.6514467
liceo pablo neruda/ temuco,-38.7315308,-72.5914539
continental/ curanilahue,-37.473867,-73.3437529
gabriela mistral/ san bernardo,-33.5906049,-70.6957021
betsabe hormazabal /san miguel,,
seminario conciliar/ la serena,-29.9049843,-71.2426067
complejo educ. jose miguel carrera/ quilicura,,
liceo comercial molina lavin/ quinta normal,-33.4302682,-70.7088861
champagnat / villa alemana,-33.0661915,-71.362991
san jose/ san bernardo,-33.6015573,-70.6885787
nacional/ villa alemana,,
geronimo rendic/ la serena,-29.9234511,-71.2578771
liceo polivalente/ dalcahue,-42.3765181,-73.6542521
albert einstein / la serena,-29.9283817,-71.2568622
adventista santiago norte/ conchali,-33.3713444,-70.6906692
cecap. francisco bilbao/ san antonio,,
the giant school/ antofagasta,-23.6491137,-70.399504
liceo santa marta/ vallenar,-28.5762706,-70.7551484
liceo antonio samore/ santa barbara,-37.6654461,-72.0324034
colegio santo domingo savio/ alto hospicio,-20.264516,-70.0988779
albamar /viña del mar,-33.0170616,-71.5581189
esperanza/ quilpue,-33.0570593,-71.4362549
esc. dario salas/ puerto montt,,
centro educ. salesianos/ talca,,
san marcos/ curico,-34.9863446,-71.1792209
blas pascal school / osorno,-40.5774947,-73.1348534
liceo luis cruz martinez/ calama,-22.4551618,-68.9268004
francisco de asis/ pinto,-36.7043271,-71.8907056
liceo federico varela/ chañaral,-26.3459043,-70.6160176
esc. basica san gennaro/ paine,,
seminario padre hurtado de chillan/ chillan,,
esc. basica republica de ecuador/ tome,,
san francisco de asis/ angol,-37.7954046,-72.7157083
almondale lomas/ concepcion,-36.7753402,-73.0437986
escuela particular madre admirable/temuco,,
liceo santa teresita/ talca,-35.4290409,-71.6609483
san ramon nonato/ curico,,
liceo politecnico san joaquin,-33.483576,-70.6404744
saint louis school/ tiltil,-33.1664713,-70.7906105
liceo coronel antonio salamanca/ coronel,-37.0278758,-73.1470762
santa eufrasia/ concepcion,-36.8154645,-73.0386808
liceo comercial b-72/ estacion central,,
liceo carmela carvajal de prat/ osorno,-40.5758288,-73.1272074
liceo cient. hum. benjamin vicuña mackenna/ puerto montt,,
complejo educ. esperanza/ macul,,
north college/ iquique,,
sagrado corazon de jesus/ quinta de tilcoco,-34.352801,-70.9632191
providencia/ parral,-36.1444769,-71.8248452
liceo politecnico heroes de la concepcion/ laja,,
liceo enrique molina garmendia/ concepcion,-36.8312411,-73.0473983
santa maria de belen/ coquimbo,-29.9844174,-71.345343
tecnico industrial don bosco/ antofagasta,-23.5764617,-70.3828884
san nicolas/ calama,-22.4376186,-68.9121806
montessori/ la serena,,
san mateo/ osorno,-40.5896535,-73.1720827
colegio saint joan college/ santa juana,-37.1827983,-72.9428778
britanico the british school/ punta arenas,-53.1600689,-70.9118582
juan pablo ii/ calama,-22.4465972,-68.923422
instituto linares/ linares,-35.8459741,-71.5951822
san luis de alba/ valdivia,-39.8449538,-73.2834948
andres bello/ rancagua,-34.1747837,-70.7204006
san francisco javier/ puerto montt,-41.4856432,-72.8919369
valles del maipo / san bernardo,-33.6127949,-70.6987943
cardenal antonio samore / arica,-18.4914502,-70.2837075
san esteban de las viscacha/ puente alto,,
aleman de concepcion/ san pedro de la paz,,
polivalente patricio mekis/ padre hurtado,,
patricio mekis/ maipu,-33.4962567,-70.7375449
el salvador/ san vicente,-34.4753107,-71.0815361
san marcos/ arica,-18.4813531,-70.3186659
pasion de jesus/ limache,-32.9832524,-71.2787593
liceo profesional abdon cifuentes/ santiago,-33.4476097,-70.6575225
oxford/ maipu,,
esc. poeta pablo neruda/ lo prado,,
concepcion/ los angeles,-37.4704697,-72.3692101
san francisco javier/ los vilos,-31.8908288,-71.4924652
bicentenario republica del brasil/ concepcion,,
santiago de pudahuel,-33.3892733,-70.7900043
domingo santa maria/ la serena,-29.9359957,-71.2402979
liceo juan agustin morales g./ molina,,
the wessex school/ chillan,-36.592353,-72.0697192
liceo agropecuario likan antai/ san pedro de atacama,,
padre manuel d`alzon/ lota,,
santa maria eufrasia/ ovalle,-30.5965109,-71.1930998
victor antonio/ valparaiso,,
san sebastian de los andes/ los andes,-32.8344063,-70.630111
liceo tecnico prof. de la madera/ coronel,,
c.e.i.a profesor hector duarte/ el monte,-33.6832612,-70.996762
centro educ. san agustin/ quellon,,
liceo comercial/ temuco,-38.7373974,-72.5908413
salesiano/ valparaiso,-33.0494554,-71.6015488
liceo experimental artistico/ maipu,,
liceo maria auxiliadora/ santa cruz,,
instituto bicentenario jose miguel carrera/ san antonio,,
creacion osorno / osorno,-40.5819331,-73.1052266
liceo de hombres manuel montt/ puerto montt,-41.4694462,-72.9430011
arriaran barros / puerto montt,-41.4693761,-72.9377287
liceo politecnico/ curico,-34.9959843,-71.2487478
de adultos instituto icel/ santiago,-33.4417473,-70.6639976
c.e.i.a. salomon fuentes martinez/ ancud,,
san jose/ parral,-36.1415826,-71.8139709
c.e.i.a victoria/ talca,,
liceo san francisco/ arauco,-37.2453865,-73.3191266
melipilla/ melipilla,-33.6796771,-71.2109877
saint mary college/ buin,-33.7274562,-70.7394045
liceo polivalente moderno cardenal caro/ buin,-33.7274203,-70.7481087
niños cantores de viña del mar,-33.0337922,-71.5564771
verdoyham school/ llaillay,-32.8362446,-70.9443478
puerto varas/ puerto varas,-41.3130512,-72.9838875
concordia/ las condes,-33.4279859,-70.5699894
marambio/ melipilla,-33.8186225,-71.089842
liceo maria auxiliadora/ iquique,-20.2221438,-70.1484354
christian garden school/ la granja,-33.5546524,-70.6292084
esc. tecnica las nieves/ puente alto,,
centro educ. principado de asturias/ puente alto,,
forjadores / peñaflor,-33.6088686,-70.902462
centro politecnico part. de ñuñoa,,
instituto andres bello/ talca,-35.4299516,-71.6633255
santa familia/ santiago,-33.4519824,-70.6742578
idop limitada/ la cisterna,,
arturo matte larrain/ san ramon,-33.5482832,-70.649338
nuestra señora de guadalupe/ la granja,-33.5561773,-70.6180719
liceo academia nacional/ alto hospicio,,
concepcion talca/ talca,-35.4315373,-71.646132
colegio padre hurtado de pudahuel/ pudahuel,-33.45883,-70.7530937
complejo educ. stella maris/ el bosque,,
maimonides school/ lo barnechea,-33.3611069,-70.4844116
esc. liceo madre vicencia/ estacion central,,
artistico el salvador/ la florida,,
nueva nazaret/ la pintana,,
instituto domingo eyzaguirre/ san bernardo,-33.6013181,-70.7007473
c.e.i.a profesora teresa moya reyes/ pte. alto,,
liceo comercial jorge alessandri r./ rancagua,,
liceo confederacion suiza/ santiago,-33.4514755,-70.6373441
bicentenario victor jara martinez/ peralillo,-34.480852,-71.4776126
liceo politecnico pedro de valdivia/ ñuñoa,-33.4651129,-70.6064259
centro educ. larun rayun/ puente alto,,
liceo comercial diego de almagro/ peñalolen,,
escuela particular miguel de cervantes/ el bosque,-33.5790082,-70.6728305
centro de estudios de la patagonia/ coyhaique,,
san joaquin/ la serena,-29.9310313,-71.2434145
liceo lonquen/ calera de tango,-33.6079788,-70.7916557
hispano americano/ viña del mar,-33.0006795,-71.4912622
the pacific school/ chiguayante,,
el arrayan/ san pedro de la paz,-36.8448684,-73.0971223
liceo valentin letelier/ linares,-35.8500032,-71.5948943
don orione/ los angeles,-37.4555804,-72.3503373
bautista/ temuco,-38.7742656,-72.7708404
c.e.i.a newen/ el tabo,,
instituto claret/ temuco,-38.7384602,-72.5833103
hrvatska skola san esteban/ antofagasta,-23.6541398,-70.3967459
maria luisa villalon/ santiago,-33.4436674,-70.6747314
san vicente de paul/ puerto octay,-40.9720997,-72.8861316
liceo com. femenino de concepcion/ concepcion,,
maese da vinci/ la ligua,-32.4570163,-71.2492209
arzobispo crescente errazuriz/ puente alto,-33.5733657,-70.6060151
liceo luisa rabanal de palma/ chile chico,,
don orione quintero/ quintero,-32.7858224,-71.5339072
santo tomas/ antofagasta,-23.6503526,-70.3942668
dario salas/ chillan viejo,-36.6168081,-72.1317178
rafael eyzaguirre/ san jose de maipo,-33.6396812,-70.3528113
adventista/ valdivia,-39.8310519,-73.2221793
liceo tecnico juanita fernandez solar/ los angeles,-37.4685499,-72.3652147
san ignacio/ machali,-34.1676098,-70.6678099
sagrados corazones/ hualpen,-36.8004112,-73.0859156
santa cruz/ temuco,-38.715886,-72.5502458
altomonte/ villa alemana,-33.0607198,-71.3291231
cahuala insular/ castro,-42.4334109,-73.7659843
liceo armando robles rivera/ valdivia,,
punta arenas/ punta arenas,-33.510353,-70.6145804
king school cordillera/ la pintana,,
jugendland schule/ talagante,-33.645893,-70.91626
seminario san rafael/ viña del mar,-33.0345633,-71.5322389
international country school/ puente alto,-33.5980054,-70.5053499
antil mawida / la cisterna,-33.5442509,-70.6680974
estela segura/ puente alto,-33.6050718,-70.5819997
manso de velasco/ melipilla,-33.6810516,-71.1885967
alborada/ linares,-35.8327871,-71.6009729
centro ed. peumayen/curico,,
san juan bautista/ ñuñoa,-33.4674617,-70.5977574
liceo dario salas/ santiago,-33.455697,-70.6694711
sol del valle/ lampa,-33.3178053,-70.759953
tantauco/ el bosque,-42.3751304,-73.6575266
pumahue/ valparaiso,-33.1372513,-71.5650848
huinganal/ lo barnechea,-33.3337396,-70.5078945
liceo de ninas maria franck de m./ valparaiso,,
pedro de valdivia/ villarica,,
academia iquique hospicio/ alto hospicio,-20.2818677,-70.0962216
preciosa sangre/ ñuñoa,-33.459201,-70.6049979
san jose de la montaña/ chimbarongo,-34.6982871,-71.035423
junior college/ arica,-18.4636438,-70.2915487
saint pauls school/ viña del mar,,
instituto superior de comercio diego portales/ ñuñoa,-33.4660402,-70.6057074
santa isabel/ nogales,-33.5660726,-70.8084594
terranova/ la reina,,
esc. basica pablo apostol / buin,,
liceo 131/ buin,-31.6342086,-71.16845
colegio king´s school/ san miguel,-33.5080661,-70.6473951
san jose de la familia/ la pintana,,
nuestra señora de andacollo/ santiago,-33.540962,-70.5642796
centro educ. goyenechea/ renca,,
esc. basica partic.saint maurices/ cerrillos,,
liceo gabriela mistral/ san antonio,-38.7403716,-72.5929996
liceo industrial chileno aleman/ ñuñoa,-33.458327,-70.5947071
instituto cristiano edumaster college/ rancagua,,
farmland school/ curacavi,-33.406452,-71.1780488
christ school/ la serena,-29.8715819,-71.2330898
san fernando de buin,-33.734968,-70.7200921
instituto de educacion para el adulto/ coquimbo,,
el prado/ pudahuel,-33.4651195,-70.7332196
liceo politecnico san luis/ san miguel,-33.5070353,-70.6528519
almenar/ san vicente,-34.4432339,-71.0791613
adventista santiago sur/ san joaquin,-33.4965808,-70.6286953
nazaret de la florida/ la florida,-33.5619135,-70.5689234
chañares/ antofagasta,-23.5881835,-70.3921281
santo cura de ars/ san miguel,-33.5067835,-70.6513969
liceo de adultos fermin vivaceta/ santiago,-33.4336515,-70.6616741
niño jesus/ talagante,-33.6631247,-70.9185118
liceo nuestra señora de las mercedes/ puente alto,-33.6102437,-70.5811035
centro educ. part. maria reina inmaculad/ isla de maipo,,
los cipreses/ doñihue,-34.1994153,-70.8853817
charly school/pichilemu,-34.3914446,-72.0043854
centro educ. fernando de aragon/ puente alto,,
fundacion educ col. femenino madre del rosario/ antofagasta,,
central educacional lincoln college/ la cisterna,,
escuela bas. alfredo dreyse belser/ peñaflor,,
polivalente francisco ramirez/ san ramon,-33.5256409,-70.6370799
ruben dario/ la reina,-33.4506924,-70.5625945
liceo rene descartes/ viña del mar,-33.0239099,-71.5628679
liceo almirante pedro espina r./ talcahuano,,
liceo industrial eulogio gordo moneo/ antofagasta,-23.6136911,-70.3829197
colegio polivalente antares/ puente alto,,
instituto hermanos matte/ santiago,,
liceo oriente/ rengo,-34.4124544,-70.8487921
las americas/ paine,-33.8223423,-70.7383499
montahue/ peñalolen,-33.4856092,-70.5297486
liceo industrial a-116/ puente alto,,
ruben castro diurno/ viña del mar,,
colegio antuquenu andino/ la florida,-33.5269457,-70.5374467
alonso de ercilla / melipilla,-33.6795618,-71.1975544
florida high school/ la florida,,
da vinci/ chillan,-36.602153,-72.0993007
san rafael arcangel/ los angeles,,
madre paulina/ chihuayante,,
liceo politecnico/ curanilahue,-37.4726177,-73.3418715
liceo polivalente fidel pinochet/ san bernardo,-33.6007969,-70.7045556
maria auxiliadora/ viña del mar,-33.0183258,-71.5496553
cristiano/ concon,-32.9328381,-71.522452
liceo politecnico rosauro santana rios/ lota,-37.0949424,-73.1516321
liceo san francisco de quito/ independencia,-33.410404,-70.6623017
liceo polivalente los heroes de la concepcion/ cerro navia,-33.4191253,-70.7518084
centro educ. san fernando/ puente alto,,
san fernando/ peñalolen,-33.5089573,-70.5845767
andres bello/ cabildo,-32.4282816,-71.070268
liceo doctro roberto humeres/ san felipe,,
centro educacional mirador/ san ramon,-33.5188355,-70.6410086
hispano / villa alemana,-33.0427517,-71.3686516
san pedro valle grande/ lampa,-33.3215086,-70.7513079
antofagasta / antofagasta,-22.4564751,-68.9272761
los reyes/ quilpue,-33.0471905,-71.4152732
mater dei/ cerrillos,-33.5010237,-70.7119296
boston college la farfana/ maipu,-33.4909484,-70.7677641
esc. jorge alessandri rodriguez/ renca,,
alto palena/ santiago,-33.3956655,-70.5707535
liceo elvira sanchez de garces/ mostazal,-34.0062764,-70.6438614
liceo municipal enrique backausse/ pedro aguirre cerda,,
san patricio/ antofagasta,-23.5659521,-70.393865
esc. el llano de maipu,,
de la salle/talca,-35.4228533,-71.6656443
liceo polivalente/ lo espejo,-33.5135814,-70.682574
pedro apostol / puente alto,-33.5851899,-70.5700786
andino antillanca / las condes,-33.4255629,-70.5698238
internacional sek austral/ peñalolen,-33.4681494,-70.5220067
escuela particular frings college/ lo prado,-33.4536786,-70.7075508
liceo tecnico antofagasta,-23.6506498,-70.4015985
colegio corazon de maria/ san miguel,-33.4979512,-70.6571403
esc. agricola san jose de duao/ maule,,
liceo comercial de san bernardo,-33.5940856,-70.7039434
esc. basica the forest college anexo/ el bosque,,
santa cecilia de maipu,-33.4958628,-70.7650252
arturo prat / machali,-34.1735785,-70.6487142
english college/ talagante,-33.6743654,-70.9486596
parroquial francisco didier/ zapallar,-32.5538485,-71.4573879
san miguel/ calbuco,,
cardenal raul silva h./ puente alto,,
escuela nuestra señora del carmen/ curacavi,-33.3899332,-71.1273612
villa españa/ estacion central,-33.462024,-70.6995164
sagrada familia/ rio negro,-40.8039471,-73.2165971
san bartolome de nos/ calera de tango,-33.6335804,-70.7535673
liceo industrial de minas ignacio domey/ recoleta,,
liceo tecnico juanita fernandez solar/ angol,-37.8015323,-72.7037474
c.e.i.a laura vicuna/ renca,,
esc. premilitar heroes de la concepcion/ san miguel,,
tecnico hoteleria y gastronomia achiga comeduc/ santiago,-33.4217305,-70.5589088
el alba /macul,-33.4824128,-70.5987181
providencia/ antofagasta,-33.4199581,-70.6018478
general jose velasquez borquez/ puchuncavi,-32.726602,-71.4170406
andes/ talca,-35.4169401,-71.6565031
politecnico santa ana/ quinta normal,-33.4375376,-70.6880929
montemar/ concon,-32.9358685,-71.5449811
rieljan college/ calera de tango,-33.6256883,-70.7716272
padre jose kentenich / puente alto,-33.6028532,-70.5592042
liceo com. instituto sup. de comercio de chile/ san miguel,,
liceo aleman de santiago/ recoleta,-33.4333101,-70.6366431
king edwards school i/ maipu,-33.525177,-70.7824196
del valle/ maipu,,
pumahue chicauma/ lampa,-33.3047608,-70.737978
nidal/ puente alto,-33.610522,-70.5735247
liceo eleuterio ramirez molina/calama,,
the azapa valley school/ arica,,
adventista/ los angeles,-37.4320776,-72.1862007
sunnyland school/ san felipe,-32.7278461,-70.7381671
santo tomas de aquino/ el bosque,,
centro edu. san andres / ancud,,
master school/ lampa,-33.2832363,-70.884564
san ignacio/ calama,-22.4402419,-68.924274
liceo politecnico/ arica,-18.4864756,-70.2944321
liceo reino de dinamarca/ maipu,-33.5086777,-70.8279775
humberstone/ iquique,-20.2321121,-70.134127
colegio sol de chile/ lo espejo,-33.529086,-70.6975457
mahatma gandhi/ iquique,-20.2858095,-70.1255464
san agustin de atacama/ copiapo,-27.3662646,-70.3153098
colegio parroquial de andacollo,-30.2320158,-71.0856868
novo horizonte/ quilicura,-33.3578883,-70.7215581
de musica juan sebastian bach/ valdivia,,
colegio particular san andres/ mostazal,,
alberto blest gana/san ramon,-33.5195055,-70.638063
ayelen/ rancagua,-34.1644875,-70.7752299
santa cruz de unco/ santa cruz,-34.6309815,-71.3611798
bicentenario college/ la florida,-33.5394068,-70.5789448
de la preciosa sangre/ pichilemu,,
esc. agricola salesiana don bosco/ linares,,
liceo municipal purkuyen/ san ramon,,
mistral/ las cabras,-34.282568,-71.3057639
centro educativo la puerta/ colina,-33.2077929,-70.6727674
evelyns school / santa cruz,,
esc. rudolf deck werth/ puente alto,,
san antonio de colina,-33.1889359,-70.6609515
acropolis / puente alto,-33.589219,-70.5671978
wexford college n2/ providencia,,
coeducacional / quilpue,-33.0479471,-71.4399031
tecnico profes. san ramon/ la cisterna,,
san rafael arcangel/ la reina,-33.4365535,-70.5743062
licarayen/ la florida,-33.5474324,-70.5982893
hispanoamericano/ los angeles,,
liceo rural llifen/ futrono,,
scuola italiana alcide de gasperi/ la serena,-29.9343647,-71.2655363
francisco de asis de belen/ santiago,-33.4510992,-70.6322926
wunman/ santiago,-33.4483769,-70.6399694
esc. arturo alessandri palma/ romeral,,
del real/ maipu,,
esc. basica juan pablo duarte/ providencia,,
rayen mahuida/ colina,-33.2649804,-70.7228364
liceo creacion concepcion,,
novo mundo/ quilicura,-33.3629718,-70.7212554
libertador simon bolivar/ macul,-33.4798674,-70.5829904
the mackay school/ viña del mar,-32.9735447,-71.5358686
ascencion nicol/ estacion central,,
liceo comercial luis correa prieto/ recoleta,-33.4219986,-70.643506
concepcion/chiguayante,-36.8686201,-73.042357
artistico cultural form-arte/ la serena,-29.9322014,-71.2572601
colegio sao paulo/ estacion central,-33.4586038,-70.6937802
american college/villa alemana,-33.0452765,-71.3856967
liceo polivalente virginio arias/ ranquil,,
marquel/ quinta normal,-33.4467089,-70.701824
esc. de artes y musica/ ovalle,,
royal american school/ maipu,-33.502076,-70.7624726
lions school/ cartagena,-33.548774,-71.5735148
santisima trinidad/ san pedro de la paz,-36.8548719,-73.0983571
juan pablo ii/ arica,-34.6502489,-71.1988105
nuestra señora del huerto/ quillota,-32.88451,-71.2477358
cristiano emmanuel /la florida,-33.5123275,-70.5643104
nova terra/ la florida,-33.5606365,-70.5741272
industrial don orione/ cerrillos,-33.5031056,-70.7132017
puentemaipo/ puente alto,,
san alberto hurtado/ quilicura,-33.3702236,-70.7196808
andino / arica,-18.4943449,-70.2750768
lorenzo sazie/ santiago,-33.4496262,-70.6642455
the american school/ puerto montt,,
suizo de santiago/ ñuñoa,-33.4565699,-70.6085783
villa el sol/ isla de maipo,-33.7517504,-70.9018145
escuela part. santa maria de guadalupe/ colina,,
liceo bicentenario teresa prats/ santiago,,
escuela partic parroquial domingo savio/ san ramon,,
froilan yañez de la barra/ la cisterna,-33.5400488,-70.6674935
alberto hurtado cruchaga / padre hurtado,-33.5939555,-70.8091384
colegio palmares valle los condores/ san bernardo,-33.6252998,-70.6813013
polivalente saint orland/ la cisterna,-33.528984,-70.6515044
liceo avenida recoleta/ recoleta,-33.3902683,-70.6428741
liceo antonio hermida fabres/ peñaflor,,
familia de nazareth/ la florida,-33.5473987,-70.6010595
santa maria de lo cañas/ la florida,-33.5280454,-70.5531845
trewhelas school sede chicureo/ colina,,
miguel de cervantes/ punta arenas,-53.1406578,-70.8970752
esc. pdte.jose j.prieto/ la pintana,,
centro ed. de ad. sandrock/ valdivia,,
san sebastian de la florida,-33.5212621,-70.5831621
liceo bicentenario oriente de talca/ talca,-35.4359906,-71.6463458
carmela romero/ concepcion,-36.8283795,-73.0573502
las acacias/ valparaiso,-33.6196047,-71.5942419
british college/ san fernando,-34.5944953,-70.99447
maria educa/ coquimbo,-29.9234427,-71.2087532
liceo guillermo marin larrain/ retiro,,
san jose/ san javier,,
santa marta/ la union,-40.3099639,-73.08489
ford college/ arica,-18.494661,-70.2953961
academia tarapaca orella/ iquique,-20.220772,-70.1463283
liceo municipal de codegua,-34.0388279,-70.6648623
domingo ortiz de rozas/la ligua,,
agustin escobar /viña del mar,,
complejo educ. un amanecer en la araucania/temuco,,
bernardo ohiggins / coquimbo,,
liceo tecnico prof. de buin,,
instituto del pacifico/ puerto montt,-41.478927,-72.9738417
liceo polivalente juan a. rios/ quinta normal,,
colegio altazol del maipo/ paine,-33.8560906,-70.757256
escuela bellavista/ la florida,-33.5131173,-70.5998743
san miguel de rema/ san vicente,,
santa cruz/ rio bueno,-40.334716,-72.956865
los pensamientos/ la granja,-33.5498421,-70.6196203
liceo san isidro/ la cruz,-32.8493681,-71.2334755
liceo las americas/ puyehue,-40.6833024,-72.5998386
complejo educ. luis durand/ traiguen,,
escuela basica eliodoro matte ossa/ san bernardo,,
el almendro/ el bosque,-33.5750108,-70.6723423
los robles de los libertadores/ el monte,-33.6877065,-71.0224251
juan pablo ii/ nogales,-32.698653,-71.1895756
colegio santo domingo/ la serena,-29.9215735,-71.2498728
liceo polivalente nuevo amanecer/ la florida,,
polivalente rigoberto fontt/ colina,-33.1948383,-70.6746068
liceo augusto santelices v./ licanten,,
york / peñalolen,,
libertador o´higgins/ chepica,-34.727143,-71.273437
santa margarita de escocia/ ñuñoa,-33.4502671,-70.6268194
liceo agustin edwards/ conchali,,
san antonio/ villa alemana,-38.7293616,-72.6175175
amazing grace english school/ coquimbo,,
san cristobal de las casas/ la florida,-33.5598686,-70.5678866
inmaculada concepcion sra. de lourdes/ peñaflor,-33.6002109,-70.8756884
polivalente falcon college/ quinta normal,-33.4262577,-70.7138351
colegio nirvana/ alto hospicio,-20.2938435,-70.0949017
gabriela mistral/ coquimbo,-30.0940766,-70.4947571
polivalente principe de gales/ estacion central,-33.4493908,-70.6952352
alexander fleming/villa alemana,-33.0441936,-71.3665741
polivalente sembrador/ colina,-33.2039281,-70.672807
liceo samca arumanti/ iquique,-20.2710341,-70.1242917
cardenal raul silva h./ arica,,
casteliano / viña del mar,-33.0268509,-71.5016755
liceo jan comenius/ temuco,,
san sebastian/ quilicura,-33.3560784,-70.7136724
complejo educ. luis arturo perez,,
liceo polivalente santiago de compostela/ san bernardo,-33.5869664,-70.6993601
robert and rose/ quillota,,
leonardo da vinci/ llaillay,-32.8424417,-70.9618724
regional federico errazuriz/ santa cruz,-34.6390922,-71.3567941
etchegoyen/ talcahuano,-36.7674748,-73.0770766
liceo tecnico a-100/ san miguel,-33.4967756,-70.6526114
centro politecnico part. /conchali,,
colegio san adrian/ quilicura,-33.3616277,-70.730873
colegio san francisco coll/ la serena,-29.8788649,-71.2459122
matilde huici navas/ peñalolen,-33.4756274,-70.5318182
liceo tecnico a-27 clelia clavel d./ santiago,,
almendral / la florida,-33.5543238,-70.578658
colegio paulo freire de san miguel/ san miguel,-33.497612,-70.6559539
liceo mercedes fritis mackenney/ copiapo,-27.3694094,-70.3256564
liceo polivalente mercedes marin del solar/ macul,-33.4717416,-70.5794471
jorge prieto letelier/ peñalolen,-33.5098312,-70.5625683
liceo polivalente doctor luis vargas s./ cerrillos,,
liceo industrial domingo matte perez/ maipu,-33.5164898,-70.7541559
liceo tecnico prof. santa rosa/ rancagua,,
liceo polivante guillermo feliu/ estacion central,,
liceo adultos estacion central/ estacion central,-33.4558818,-70.6980867
liceo polivalente nahuelbuta/ contulmo,,
san sebastian/ santiago,-33.7845981,-70.2351011
pumahue/ puerto montt,-41.4530346,-72.9211331
bernardo o'higgins/ la serena,-29.9067771,-71.2488904
jose manuel balmaceda/ la serena,-29.9012945,-71.2497488
betterland school/ lo barnechea,-33.3647569,-70.5025335
liceo industrial a-27/ temuco,,
esc. basica municipal paula jaraquemada alqui/ paine,,
domingo faustino sarmiento / puente alto,-33.6124193,-70.5586239
esc. bas.talleres prevoc.hogar de cristo/ la granja,,
liceo tecnico prof. jorge sanchez ugarte/ concepcion,,
parroquial maria goretti/ concon,-32.9222661,-71.5146433
liceo comercial javiera y jose luis carrera/ san miguel,,
instituto san alberto hurtado/ buin,-33.7340505,-70.7555678
nuestra señora de ayquina/ calama,-22.2790427,-68.3223884
complejo educ. juanita fernandez solar/ recoleta,,
pumahue/ temuco,-38.7451071,-72.6233022
liceo jose cortes brown-recreo/ viña del mar,-33.0220678,-71.5651096
liceo christa mc auliffe/ el bosque,-33.5491598,-70.6701327
politecnico eyzaguirre/ puente alto,-33.6150158,-70.608871
alborada del mar/ concon,-32.9295906,-71.5193529
liceo san francisco de asis/ nueva imperial,,
san francisco de sales/ maipu,-33.5487356,-70.7908804
san andres/ colina,-33.2045059,-70.6809336
centro educacional part. orden de san jorge/ san bernardo,,
instituto subtte. luis cruz martinez/ talagante,,
sagrada familia/ tocopilla,-22.0947408,-70.2051875
centro politecnico carlos condell/ la cisterna,-33.5440526,-70.6612934
villa santa maria/ el bosque,-33.5545483,-70.6775023
padre luis amigo/ concepcion,-36.7994391,-73.0602085
instituto latinoamericano europeo de/ talca,,
aleman de chicureo/ colina,-33.2591852,-70.6169407
paideia/ puerto montt,-41.4578173,-72.9289267
experimental jorge peña h. / la serena,,
nehuen/ san vicente,-34.4364656,-71.0866816
escuela edmundo vidal cardenas/ vicuña,-30.0408129,-70.6629226
liceo nueva zelandia/ santa juana,-37.1807687,-72.9399756
concepcion/ san carlos,-36.4185028,-71.9485751
internacional antofagasta/ antofagasta,-23.4523757,-70.4397343
seminario san fidel/ mariquina,-39.5413696,-72.9705714
salesiano de iquique/ iquique,-20.2240248,-70.1495517
liceo la asuncion/ talcahuano,-36.7442152,-73.103026
alianza francesa/ curico,-34.9835731,-71.2240414
instituto aleman carlos anwandter/ valdivia,,
san isaac jogues/ quilicura,-33.3610587,-70.7203478
c.e.i.a carlos yanez moya/ natales,,
san juan/ lampa,-33.3204057,-70.7486828
jorge huneeus zegers/ la pintana,-33.5645266,-70.6290666
raitrai de pucon/ pucon,-39.2865689,-71.9442144
centro educacional vygotsky / curico,-34.9899388,-71.2127463
cardenal carlos oviedo cavada/ maipu,-33.5139483,-70.7954737
liceo elvira brady maldonado/ san bernardo,-33.5999449,-70.7042971
olivar college/ olivar,-34.2186186,-70.8182144
british royal school/ concepcion,-36.799828,-73.0623945
centro educ. eduardo de la barra/ peñalolen,,
esc. luis arrieta canas/ peñalolen,,
alonso de ercilla/ san felipe,-32.7427201,-70.73303
enrique alvear/ cerro navia,-33.4160181,-70.7341671
de adultos san andres/ colina,,
saint peters school/ viña del mar,,
